ID,R2_implementation_yes_SM1,R2_implementation_yes_SM2,R2_implementation_yes_SM3,R2_implementation_yes_SM4,R2_implementation_yes_SM5,R2_implementation_yes_SM6,R2_implementation_yes_SM7,R2_implementation_yes_NM1,R2_implementation_yes_NM2,R2_implementation_yes_NM3,R2_implementation_yes_NM4,R2_implementation_yes_NM5,R2_implementation_yes_NM6,R2_implementation_yes_NM7,R2_implementation_yes_NM8,R2_implementation_yes_NM9,R2_implementation_yes_NM10,R2_implementation_yes_NM11,R2_implementation_yes_ins,Q2_no_action_reason_SM1,Q2_no_action_reason_SM2,Q2_no_action_reason_SM3,Q2_no_action_reason_SM4,Q2_no_action_reason_SM5,Q2_no_action_reason_SM6,Q2_no_action_reason_SM7,Q2_no_action_reason_NM1,Q2_no_action_reason_NM2,Q2_no_action_reason_NM3,Q2_no_action_reason_NM4,Q2_no_action_reason_NM5,Q2_no_action_reason_NM6,Q2_no_action_reason_NM7,Q2_no_action_reason_NM8,Q2_no_action_reason_NM9,Q2_no_action_reason_NM10,Q2_no_action_reason_NM11,Q3a_implementation_cost_SM1,Q3a_implementation_cost_SM2,Q3a_implementation_cost_SM3,Q3a_implementation_cost_SM4,Q3a_implementation_cost_SM5,Q3a_implementation_cost_SM6,Q3a_implementation_cost_SM7,Q3a_implementation_cost_NM1,Q3a_implementation_cost_NM2,Q3a_implementation_cost_NM3,Q3a_implementation_cost_NM4,Q3a_implementation_cost_NM5,Q3a_implementation_cost_NM6,Q3a_implementation_cost_NM7,Q3a_implementation_cost_NM8,Q3a_implementation_cost_NM9,Q3a_implementation_cost_NM10,Q3a_implementation_cost_NM11,Q3a_implementation_cost_ins,Q3b_perc_cost_SM1,Q3b_perc_cost_SM2,Q3b_perc_cost_SM3,Q3b_perc_cost_SM4,Q3b_perc_cost_SM5,Q3b_perc_cost_SM6,Q3b_perc_cost_SM7,Q3b_perc_cost_NM1,Q3b_perc_cost_NM2,Q3b_perc_cost_NM3,Q3b_perc_cost_NM4,Q3b_perc_cost_NM5,Q3b_perc_cost_NM6,Q3b_perc_cost_NM7,Q3b_perc_cost_NM8,Q3b_perc_cost_NM9,Q3b_perc_cost_NM10,Q3b_perc_cost_NM11,Q3b_perc_cost_ins,Q4_measure_loan,R02a_perc_prob_change,R02_perc_prob,R02_perc_prob_other,R03a_perc_damage_change,R03_perc_damage,R04a_perc_health_change,R04_perc_health,R05a_worry_change,R05_worry,R013_recent_flood_exp,R013a_recent_flood_damage,R013b_recent_flood_health,R013c_recent_flood_cost,R06a_media_freq,R06b_social_media_freq,R010_flood_convo,R011_local_flood_convo,R01a_resilience_1_change,R01_resilience_1,R01a_resilience_2_change,R01_resilience_2,R01a_resilience_3_change,R01_resilience_3,R01a_resilience_4_change,R01_resilience_4,R01a_resilience_5_change,R01_resilience_5,R01a_resilience_6_change,R01_resilience_6,R09_savings_change,R09a_savings_change_frac,R08a_economic_comfort_change,R08_economic_comfort,R012_lost_job,R012a_lost_job_impact,Q22_recovery_time,Q22a_no_recovery_since,Q23_disrupted_electricity,Q23_disrupted_water,Q23_disrupted_waste,Q23_disrupted_travel,Q23_disrupted_internet,Q23_disrupted_food,Q23_disrupted_other
284,,,,,,,,,,,,,,,3.0,3.0,,,,,,,,,,,,,,,,,,,,,,,,,,,,,-7.0,,,,,,-7.0,,,-7.0,-7.0,,,,,,,,,,,,,,,,,,,,,,,,,1,,1.0,,1,,0,,,,3,4,0,,1,,1,,1,,1,,1,,1,,2,20.0,1,,0,,,,,,,,,,
426,,,,,,,,,,,,,,,,,,,,,,,,,,,,,,,,,,,,,,,,,,,,,20.0,,,,,,,,,,,,,,,,,,,,,,,,,,,,,,,,,,,0,1.0,1.0,,1,,0,,,,3,2,0,,1,,1,,1,,1,,1,,1,,1,10.0,1,,0,,1.0,,0.0,0.0,0.0,1.0,0.0,0.0,0.0
525,,,,,,,,,,,,,,,,,,,,,,,,,,,,,,,,,,,,,,,,,,,,,5.0,,,,,,,,,25.0,,,,,,,,,,,,,,,,,,,,,,,,,,1,,1.0,,1,,0,,,,1,1,0,,1,,1,,1,,1,,1,,1,,3,,1,,0,,,,,,,,,,
548,,,,,,,,,2.0,2.0,,2.0,,,,,,,,,,,,,,,,,,,,,,,,,,,,-7.0,,,,-7.0,36.0,,,,,,0.0,,,120.0,0.0,,,,,,,,,,75.0,3000.0,,0.0,,,,,,,,2.0,1.0,,,1,,1.0,,1,,0,,,,3,2,50,40.0,1,,0,5.0,1,,1,,1,,1,,3,,1,,0,,4.0,,0.0,0.0,1.0,1.0,0.0,0.0,0.0
671,,,,,,,,,,,,3.0,,,,,,,,,,,,,,,,,,,,,,,,,,,,,1200.0,,,,100.0,,8000.0,0.0,,1000.0,100.0,0.0,0.0,2500.0,0.0,,,,,,,,,,,,,,,,,,,,,2.0,1.0,,,1,,1.0,,1,,0,,,,3,3,10,10.0,1,,1,,1,,1,,1,,1,,2,25.0,1,,0,,9.0,2017.0,1.0,1.0,1.0,1.0,1.0,1.0,0.0
742,,,,3.0,,,,,,,,,,,,,,,,,,,,,,,,,,,,,,,,,,,,,,,,,10.0,,,,0.0,,0.0,,,45.0,0.0,,,,,,,,,,,,,,,,,,,,,,1.0,,,1,,1.0,,1,,0,,,,4,2,0,,1,,1,,1,,1,,1,,1,,3,,1,,0,,,,,,,,,,
825,,,3.0,,,,,,,3.0,,3.0,,,,,,,,,,,,,,,,,,,,,,,,,,,-7.0,,,-7.0,-7.0,,-7.0,,,,,,-7.0,,,-7.0,-7.0,,,,,,,,,,,,,,,,,,,,,-7.0,1.0,,,0,3.0,1.0,,1,,0,,,,2,1,1,1.0,1,,1,,1,,1,,1,,1,,1,50.0,1,,0,,1.0,,1.0,0.0,1.0,1.0,1.0,0.0,0.0
855,,,,,,,,,,,,,,,,,2.0,,,,,,,,,,,,,,,,,,,,,,,,,,,,-7.0,,,,,,-7.0,0.0,,,,,,,,,,,,,,,,,,,,,200.0,,,,1.0,,,1,,1.0,,1,,0,,,,3,1,0,,1,,1,,1,,1,,1,,1,,3,,1,,0,,,,,,,,,,
905,,,,,,,,,,,3.0,,,,,,,,,,,,,,,,,,,,,,,,,,,,,,1.0,,,,4.0,,250.0,,,,50.0,,-7.0,40.0,-7.0,,,,,,,,,,,,,,,,,,,,,2.0,1.0,,,1,,1.0,,1,,0,,,,5,2,3,3.0,1,,1,,1,,1,,1,,1,,3,,1,,0,,3.0,,1.0,0.0,1.0,1.0,1.0,1.0,0.0
930,,,,,,,,,,,,,,,,,,,,,,,,,,,,,,,,,,,,,,,,,,,,,-7.0,,-7.0,,,,-7.0,,,-7.0,-7.0,,,,,,,,,,,,,,,,,,,,,,1.0,,,1,,1.0,,1,,1,4.0,3.0,-7.0,4,4,0,,0,4.0,0,4.0,0,3.0,1,,1,,0,3.0,3,,1,,1,3.0,4.0,,0.0,0.0,0.0,0.0,0.0,0.0,1.0
1062,,,,,,,,,,,,,,,,,,,,,,,,,,,,,,,,,,,,,,,,,,,,,50.0,,300.0,,,,,,,,,,,,,,,,,,,,,,,,,,,,,,1.0,,,1,,1.0,,1,,0,,,,3,3,0,,1,,1,,1,,1,,1,,1,,3,,1,,0,,,,,,,,,,
1119,,,,,,,3.0,,3.0,,,,,,2.0,2.0,,,,,,,,,,,,,,,,,,8.0,9.0,,,,,,,,,,25.0,,500.0,-7.0,-7.0,-7.0,-7.0,,,200.0,-7.0,,,,,,,,,,,,,,,,-7.0,-7.0,,,,3.0,1.0,,,1,,,,1,,0,,,,5,1,2,2.0,1,,1,,1,,1,,1,,1,,3,,1,,1,2.0,1.0,,1.0,1.0,1.0,1.0,1.0,0.0,0.0
1125,,,,,,,,,,,,,,,,,,,,,,,,,,,,,,,,,,,,,,,,,,,,,50.0,,,0.0,0.0,,15.0,0.0,0.0,0.0,0.0,,,,,,,,,,,,,,,,,,,,,,1.0,,,1,,1.0,,1,,0,,,,4,4,6,6.0,1,,1,,1,,1,,1,,1,,1,5.0,1,,0,,3.0,,1.0,1.0,1.0,0.0,0.0,0.0,0.0
1132,,,,,,,2.0,,2.0,,,,,,,,,,,,,,,,,4.0,,3.0,,,,,,,,,,,,,,,,,20.0,,,0.0,0.0,0.0,100.0,0.0,0.0,50.0,0.0,,,,,,,,6000.0,,0.0,,,,,,,,,,,0.0,1.0,,,1,,1.0,,1,,0,,,,3,3,2,1.0,1,,1,,1,,1,,1,,1,,3,,1,,0,,2.0,,1.0,0.0,0.0,1.0,1.0,0.0,0.0
1157,,,3.0,3.0,3.0,2.0,,,2.0,2.0,3.0,,,,,3.0,,2.0,,,,,,,4.0,,,5.0,3.0,,,,,,,,2.0,,-7.0,,,,,400.0,200.0,,,,-7.0,300.0,500.0,-7.0,,300.0,,,,,,,,350.0,,,120.0,500.0,,,,,,,,450.0,,63.0,1.0,,,1,,1.0,,1,,0,,,,4,4,10,6.0,1,,1,,1,,1,,1,,1,,3,,1,,0,,,,,,,,,,
1284,,,,,,,,,,,,,,,,,,2.0,,,,,,,,,,,,,,,,,,,3.0,,,,,,,,5.0,,-7.0,,,,30.0,,,75.0,,,,,,,,,,,,,,,,,,,,-7.0,,,,,,1,,1.0,,1,,0,,,,3,1,0,,1,,1,,1,,1,,1,,1,,1,-7.0,1,,0,,,,,,,,,,
1295,,,,,,,,,,,,,,,,,,,,,,,,,,,,,,,,,,,,,,-7.0,-7.0,,-7.0,-7.0,-7.0,,30.0,,,-7.0,-7.0,-7.0,-7.0,-7.0,-7.0,30.0,-7.0,,,,,,,,,,,,,,,,,,,,,1.0,1.0,,,1,,1.0,,1,,0,,,,4,1,0,,1,,1,,1,,1,,1,,1,,1,10.0,1,,0,,,,,,,,,,
1336,,,,,,,,,,,,,,,,,,,,,,,,,,,,,,,,,,,,,,,,,,,,,50.0,,,0.0,0.0,-7.0,50.0,0.0,0.0,75.0,0.0,,,,,,,,,,,,,,,,,,,,,1.0,,,,1,,1.0,,1,,0,,,,2,1,0,,1,,1,,1,,1,,1,,1,,1,5.0,1,,0,,,,,,,,,,
1519,,,,,,,,,3.0,3.0,3.0,,3.0,,3.0,3.0,2.0,3.0,,,,,,,,,,,,,,,,,,5.0,,,,,,,,,5.0,,,,0.0,,0.0,,,,,,,,,,,,,,,,,,,,,,20.0,,,,0.0,8.0,,1,,1.0,,1,,0,,,,2,1,0,,1,,1,,1,,1,,1,,1,,2,50.0,1,,0,,,,,,,,,,
2044,,,,,,,,1.0,2.0,2.0,,,,,,,2.0,,,,,,,,,,,,,,,,,,,,,,,,,,,,50.0,,,,,,,,,,,,,,,,,,,,20.0,5000.0,,,,,,,200.0,,,,1.0,,,1,,1.0,,1,,0,,,,4,3,1,1.0,1,,1,,1,,1,,1,,1,,1,10.0,0,4.0,0,,,,,,,,,,
