ID,Q0_age,Q0_gender,Q0_education_CN,Q0_employment_CN,Q0_postcode,Q1_home_CN,Q2_floors_1,Q2_floors_2,Q2_floors_3,Q3_constr_qual,Q4_home_size_CN_ID_NL,Q5_home_tenure,Q5a_mortgage,Q5b_home_sell,Q6_home_costs,Q7_move_in,Q8_move_out,Q9_easy_leave,Q10_community,Q11_search_improve,Q11_search_social,Q11_search_family,Q11_search_area,Q11_search_job,Q11_search_location,Q11_search_hazard,Q11_search_other,Q11_search_dontknow,Q11a_hazard_type1,Q11a_hazard_type2,Q11a_hazard_type3,Q11a_hazard_type4,Q11a_hazard_type5,Q11a_hazard_type6,Q11a_hazard_type7,Q11a_hazard_type8,Q11a_hazard_type9,Q11a_not_say,Q12_risk_aversion,R01_resilience_1,R01_resilience_2,R01_resilience_3,R01_resilience_4,R01_resilience_5,R01_resilience_6,Q14_early_warn,Q15_responsibility,Q16_compens_gov,Q17_compens_noone,Q17_compens_ins,Q17_compens_owner,Q17_compens_family,Q17_compens_ngo,Q17_compens_other,Q17_compens_dont_know,Q18_flood_exp,Q18a_flood_where,Q18b_flood_year,Q18c_flood_health,Q18ci_flood_work,Q18d_flood_cost,Q20_support_accom,Q21_support_financial,Q22_gov_measures,R02_perc_prob,Q24_perc_prob_change,R03_perc_damage,Q27_perc_prob_30y,R04_perc_health,R05_worry,R06a_media_freq,R06b_social_media_freq,Q31a_media_trust,Q31b_social_media_trust,Q32_climate_belief,Q33_climate_affect,R1a_self_efficacy_SM1,R1a_self_efficacy_SM2,R1a_self_efficacy_SM3,R1a_self_efficacy_SM4,R1a_self_efficacy_SM5,R1a_self_efficacy_SM6,R1a_self_efficacy_SM7,R1b_resp_efficacy_SM1,R1b_resp_efficacy_SM2,R1b_resp_efficacy_SM3,R1b_resp_efficacy_SM4,R1b_resp_efficacy_SM5,R1b_resp_efficacy_SM6,R1b_resp_efficacy_SM7,R1c_perc_cost_SM1,R1c_perc_cost_SM2,R1c_perc_cost_SM3,R1c_perc_cost_SM4,R1c_perc_cost_SM5,R1c_perc_cost_SM6,R1c_perc_cost_SM7,R2_implementation_SM1,R2_implementation_SM2,R2_implementation_SM3,R2_implementation_SM4,R2_implementation_SM5,R2_implementation_SM6,R2_implementation_SM7,Q37_dam_reduction,R1a_self_efficacy_NM1 ,R1a_self_efficacy_NM2,R1a_self_efficacy_NM3,R1a_self_efficacy_NM4,R1a_self_efficacy_NM5,R1a_self_efficacy_NM6,R1a_self_efficacy_NM7,R1a_self_efficacy_NM8,R1a_self_efficacy_NM9,R1a_self_efficacy_NM10,R1a_self_efficacy_NM11,R1b_resp_efficacy_NM1,R1b_resp_efficacy_NM2,R1b_resp_efficacy_NM3,R1b_resp_efficacy_NM4,R1b_resp_efficacy_NM5,R1b_resp_efficacy_NM6,R1b_resp_efficacy_NM7,R1b_resp_efficacy_NM8,R1b_resp_efficacy_NM9,R1b_resp_efficacy_NM10,R1b_resp_efficacy_NM11,R1c_perc_cost_NM1,R1c_perc_cost_NM2,R1c_perc_cost_NM3,R1c_perc_cost_NM4,R1c_perc_cost_NM5,R1c_perc_cost_NM6,R1c_perc_cost_NM7,R1c_perc_cost_NM8,R1c_perc_cost_NM9,R1c_perc_cost_NM10,R1c_perc_cost_NM11,R2_implementation_NM1,R2_implementation_NM2,R2_implementation_NM3,R2_implementation_NM4,R2_implementation_NM5,R2_implementation_NM6,R2_implementation_NM7,R2_implementation_NM8,R2_implementation_NM9,R2_implementation_NM10,R2_implementation_NM11,Q41_ins_CN_ID_US,Q41a_property_CN_ID_US,Q41a_possessions_CN_ID_US,Q41b_ins_intention_CN_ID_US,Q41c_ins_self_efficacy_CN_ID_US,Q42_ins_resp_efficacy_CN_ID_US,Q43_ins_perc_cost_CN_ID_US,Q44_social_expectation,R07_adaptation_others,Q47a_employer_type_CN_ID,Q47b_industry_type_CN_ID,Q48_business_owner,Q50_employer_size,Q51_unempl_time,Q52_multiple_income,Q52a_income_job,Q53_income_CN,R08_economic_comfort,R09_savings_change,R09a_savings_change_frac,Q56_savings_change_future,Q56a_savings_change_future_frac,Q57_hh_size_CN_ID,Q58_savings,Q59_disability,Q60_child,Q60_elder,Q60_no,Q60_not_say,Q61_single_parent
20,2,1,6,1,200001.0,3,0,0,1,1,4,1,,,4000,2018,2,2,1,0,0,0,1,0,0,0,0,0,,,,,,,,,,,2,4,2,4,3,3,2,98,2,58.0,0,0,1.0,0,0,0,0,0,,,,,,0,2,3,4,3,4,0,3,1,2,3,2,4,2,2,1,2,2,2,3,2,2,4,4,3,3,3,4,4,4,4,4,4,4,5,4,4,5,4,5,5,4,5,3.0,3,5,3,4,5,5,5,4,4,4,4,5,4,5,4,5,4,5,4,4,4,5,5,5,5,4,5,5,5,5,4,5,5,6,6,5,6,6,6,6,5,6,6,6,2,56.0,65.0,,,2,4,3,5,1.0,12.0,1,12.0,1.0,1,4.0,6,5,3,20.0,3,30,99,7,0,0,0,1,0,
26,2,2,5,1,200000.0,3,1,0,1,2,5,2,6.0,1000000.0,2000,2016,4,3,0,0,0,1,0,0,0,0,0,0,,,,,,,,,,,2,2,3,2,3,2,2,0,3,50.0,0,1,,1,1,0,0,0,,,,,,1,1,3,98,1,3,25,3,2,4,4,4,4,1,3,1,1,3,1,3,1,2,3,3,3,2,3,4,3,4,4,4,2,2,4,3,6,6,6,6,1,6,6,98.0,4,3,3,3,3,2,3,3,3,4,3,4,2,3,2,3,3,3,3,4,5,4,1,3,3,4,4,3,3,2,3,2,3,1,6,4,2,2,6,1,1,1,1,1,2,51.0,51.0,,,3,3,4,98,1.0,13.0,0,12.0,2.0,1,8.0,4,3,1,50.0,1,50,3,7,0,1,0,0,0,0.0
47,2,2,4,6,,2,0,0,1,1,1,1,,,5000,2019,2,5,0,0,1,0,0,0,0,0,0,0,,,,,,,,,,,3,3,3,3,2,3,3,0,3,,0,0,0.0,1,0,0,0,0,,,,,,1,5,2,98,2,4,25,3,4,3,3,5,4,1,3,3,4,4,3,4,3,3,5,5,5,5,5,5,5,4,4,4,3,4,5,5,5,5,5,5,5,5,5,1.0,5,5,5,4,5,4,5,5,5,5,5,5,5,5,4,4,5,5,5,5,5,5,2,2,2,2,2,4,1,1,1,1,2,5,5,5,5,5,5,1,2,2,1,1,98,,,0.0,0.0,3,3,5,98,,,0,,,0,,3,3,1,50.0,2,,3,3,0,1,0,0,0,0.0
141,2,2,5,1,,1,0,0,1,2,2,2,1.0,5000000.0,10000,2014,4,3,0,1,0,0,0,0,0,0,0,0,,,,,,,,,,,3,3,3,3,3,3,3,0,1,52.0,1,0,,0,0,0,0,0,,,,,,0,1,1,1,1,3,20,1,1,3,3,3,3,1,1,1,1,1,1,1,1,1,1,1,1,1,1,1,1,1,1,1,1,1,1,1,1,1,1,1,1,1,1,1.0,1,1,1,1,1,1,1,1,1,1,1,1,1,1,1,1,1,1,1,1,1,1,1,1,1,1,1,1,1,1,1,1,1,1,1,1,1,1,1,1,1,1,1,1,1,54.0,51.0,,,1,3,3,1,1.0,6.0,1,1.0,1.0,1,1.0,1,1,1,20.0,1,20,3,1,1,0,0,1,0,
182,2,1,6,1,200001.0,3,0,0,1,1,4,1,,,5000,2018,1,5,1,0,1,0,0,0,0,0,0,0,,,,,,,,,,,3,3,3,3,3,3,3,98,1,47.0,0,0,0.0,0,1,0,0,0,,,,,,1,3,1,1,98,3,1,1,2,3,3,3,3,3,3,1,1,1,1,1,3,1,5,5,5,4,4,5,5,3,3,3,1,1,1,3,6,6,6,5,6,3,6,2.0,3,2,4,3,5,5,3,5,3,5,5,1,1,5,1,5,5,5,5,5,5,5,1,1,5,5,5,5,1,5,5,5,5,5,6,4,3,3,3,4,4,4,4,4,2,53.0,52.0,,,2,3,3,3,1.0,12.0,1,12.0,1.0,1,6.0,6,5,3,50.0,3,60,99,7,0,0,0,1,0,
205,1,2,5,97,0.0,3,0,0,1,3,98,2,98.0,600000.0,100,2010,98,3,0,0,0,0,0,0,0,0,0,1,,,,,,,,,,,3,3,3,3,3,3,3,98,3,,0,0,,0,0,0,1,0,,,,,,0,4,98,98,98,3,10,4,4,3,3,3,3,97,98,1,3,3,2,3,3,3,3,3,3,3,2,3,3,3,3,3,3,3,3,3,6,6,6,6,6,6,6,,3,3,3,3,3,3,3,3,3,3,3,3,3,3,3,3,3,3,3,3,2,3,3,3,3,3,3,2,3,3,5,1,2,2,6,6,6,5,6,6,6,6,6,6,3,,,0.0,0.0,98,3,3,98,,,0,,,0,,5,99,99,,99,,6,99,99,0,0,0,1,
280,4,1,5,1,200030.0,2,0,0,1,1,5,2,3.0,1500000.0,1600,2009,3,4,1,1,0,1,1,0,0,0,0,0,,,,,,,,,,,4,2,1,2,1,2,2,0,4,86.0,0,1,,1,0,0,0,0,,,,,,1,4,1,5,3,4,60,3,4,4,4,4,4,1,3,4,4,5,5,5,4,4,4,5,5,5,4,5,4,4,4,5,5,5,4,4,2,2,1,1,1,2,3,2.0,4,5,5,5,4,4,4,4,5,5,4,4,5,5,5,4,4,4,5,5,4,4,4,5,5,5,4,4,4,5,5,4,4,2,1,1,2,3,2,2,1,2,3,3,1,86.0,78.0,,,2,4,4,6,1.0,4.0,0,11.0,3.0,1,9.0,5,4,3,30.0,3,40,3,6,0,1,0,0,0,0.0
291,3,2,5,1,200000.0,3,0,0,1,2,3,2,6.0,4000000.0,5000,2010,2,4,1,1,0,0,0,0,0,0,0,0,,,,,,,,,,,3,2,2,3,2,2,3,0,3,10.0,0,1,,1,1,0,0,0,,,,,,1,3,2,5,2,5,10,5,4,3,4,5,5,1,3,3,4,4,4,3,4,3,2,4,3,4,4,3,4,4,5,4,3,5,5,5,6,6,6,6,6,6,6,,5,3,4,5,3,1,3,3,4,5,5,4,4,5,4,3,4,4,3,4,5,5,2,5,5,2,1,5,2,2,5,2,3,1,6,6,6,6,6,6,6,6,6,6,3,,,0.0,1.0,3,4,1,98,1.0,3.0,0,11.0,2.0,1,8.0,5,4,3,20.0,3,20,3,7,0,1,0,0,0,0.0
301,3,2,5,1,200060.0,3,0,0,1,2,3,2,4.0,4000000.0,5000,2012,98,3,0,1,0,1,0,0,1,1,0,0,0.0,0.0,1.0,1.0,0.0,0.0,1.0,0.0,0.0,0.0,2,3,4,4,4,2,4,0,1,15.0,0,0,,1,1,0,0,0,,,,,,1,4,3,98,2,3,10,3,1,2,3,3,4,1,3,3,2,1,2,3,4,1,3,2,3,4,3,4,3,3,2,2,3,4,4,3,6,6,6,6,6,6,6,,5,4,3,3,3,4,5,3,2,4,4,4,3,3,3,4,4,4,3,2,5,4,2,2,3,1,1,4,2,3,4,2,1,6,6,6,6,6,6,6,6,6,6,6,3,,,0.0,1.0,3,4,3,1,1.0,16.0,0,10.0,3.0,0,,6,3,1,15.0,2,,3,7,0,1,0,0,0,0.0
302,1,2,5,4,200000.0,3,0,0,1,1,5,2,2.0,1000000.0,200,2018,4,2,1,1,0,1,1,0,1,0,0,0,,,,,,,,,,,4,2,1,1,5,1,1,1,1,94.0,0,1,,0,0,0,0,0,,,,,,1,5,1,6,2,1,0.1,1,2,1,1,1,2,1,3,1,1,1,1,1,1,1,5,5,1,5,1,5,3,5,2,2,1,3,5,1,6,6,6,6,6,6,1,3.0,5,4,1,1,5,5,5,5,2,5,5,5,5,1,5,3,5,5,5,5,5,4,1,4,5,1,1,3,1,1,3,5,3,1,6,6,1,2,5,1,6,6,1,1,2,62.0,61.0,,,2,1,1,3,,,1,,,0,,99,4,3,10.0,3,10,5,98,0,1,0,0,0,0.0
304,1,2,3,4,,3,0,1,0,2,3,2,98.0,1000000.0,300,2000,2,3,0,0,0,0,0,0,0,0,0,1,,,,,,,,,,,3,3,2,3,3,3,3,0,5,,0,1,,0,0,0,0,0,,,,,,1,3,3,98,98,98,10,4,2,3,3,3,3,1,3,1,1,1,1,1,1,1,4,4,4,4,4,4,4,3,3,3,3,3,3,3,5,5,5,5,5,5,5,2.0,3,3,3,3,3,3,3,3,3,3,3,3,3,3,3,3,3,3,3,3,3,3,3,3,3,3,3,3,3,3,3,3,3,5,5,5,5,5,5,5,5,5,5,5,2,50.0,50.0,,,3,3,3,98,,,0,,,0,,99,3,98,,98,,8,98,0,0,0,1,0,
311,3,1,5,1,201203.0,1,0,0,1,3,4,2,1.0,1500000.0,25000,2004,4,1,0,0,0,0,0,0,1,0,0,0,,,,,,,,,,,3,3,3,3,3,3,3,0,3,50.0,1,0,,0,0,0,0,0,,,,,,0,1,3,1,2,3,5,1,1,3,3,3,3,95,98,3,3,3,3,3,3,3,3,3,3,3,3,3,3,3,3,3,3,3,3,3,6,6,6,6,6,6,6,,3,3,3,3,3,3,3,3,3,3,3,3,3,3,3,3,3,3,3,3,3,3,3,3,3,3,3,3,3,3,3,3,3,6,6,6,6,6,6,6,6,6,6,6,3,,,0.0,0.0,98,3,3,1,2.0,97.0,0,8.0,1.0,1,5.0,6,3,1,,3,,3,1,0,0,0,1,0,
376,2,2,5,1,200000.0,3,0,1,1,2,3,2,4.0,1200000.0,4000,2015,2,2,0,1,1,0,0,1,0,0,0,0,,,,,,,,,,,5,2,2,2,2,4,2,0,2,46.0,0,1,,0,0,0,0,0,,,,,,1,4,3,5,2,2,11,2,2,2,1,2,2,3,2,3,2,2,3,4,3,3,2,3,4,3,2,3,3,3,4,4,3,3,2,3,3,2,4,4,3,2,3,2.0,2,3,3,4,3,2,2,3,4,3,3,2,3,3,4,3,2,2,3,4,3,2,2,3,4,3,2,3,2,4,2,3,3,2,3,4,5,3,2,3,2,4,3,3,2,41.0,64.0,,,3,2,2,1,1.0,12.0,1,8.0,1.0,1,4.0,6,4,3,11.0,3,22,3,7,0,1,0,0,0,0.0
387,3,1,5,1,200030.0,3,0,0,1,2,3,2,6.0,3000000.0,500,2012,4,3,0,1,0,0,1,0,1,0,0,0,,,,,,,,,,,4,2,2,2,2,2,2,0,3,76.0,1,0,,0,0,0,0,0,,,,,,0,1,3,98,2,3,25,3,3,3,3,3,4,95,2,3,3,3,4,4,3,3,3,3,3,4,4,3,3,3,3,3,4,4,3,3,3,3,4,4,3,3,3,98.0,3,3,4,4,3,3,3,3,4,4,3,3,3,3,4,4,3,3,3,4,4,3,3,3,4,4,3,3,3,3,4,4,3,3,3,4,4,3,3,3,3,4,4,3,3,,,0.0,0.0,98,3,3,98,96.0,7.0,0,11.0,1.0,0,,6,4,2,,2,,3,99,99,0,0,0,1,0.0
499,4,2,2,1,200082.0,1,0,1,0,3,1,1,,,1500,2010,98,4,0,0,0,0,0,0,1,0,0,0,,,,,,,,,,,2,3,3,4,4,4,3,0,3,,1,0,0.0,0,0,0,0,0,,,,,,0,1,98,1,98,98,10,2,2,1,1,4,2,95,98,1,1,2,1,1,2,1,2,4,3,2,3,4,3,4,3,2,3,2,3,4,6,6,6,6,6,6,6,,4,3,1,1,1,1,5,3,3,3,2,4,4,3,3,3,3,4,3,3,2,3,1,2,4,4,3,5,1,2,3,3,4,1,6,6,6,6,6,6,6,6,6,6,3,,,0.0,0.0,98,3,2,98,1.0,7.0,0,98.0,2.0,0,,5,3,2,,1,20,3,7,0,0,0,1,0,
588,3,1,5,1,201400.0,3,0,0,1,3,4,2,4.0,5000000.0,4000,2015,4,4,0,1,0,0,0,1,0,0,0,0,,,,,,,,,,,4,3,3,3,4,3,3,0,3,64.0,0,1,,0,0,0,0,0,,,,,,0,3,2,98,98,3,30,2,1,3,3,3,3,1,3,3,3,3,3,3,3,3,3,3,3,2,3,2,3,3,3,2,3,3,3,3,3,5,4,4,4,3,4,2.0,3,3,3,3,2,2,3,3,3,2,2,3,3,3,2,2,3,4,4,3,4,4,3,3,3,3,2,2,3,3,4,3,3,3,6,4,4,4,3,3,4,4,4,3,98,,,0.0,0.0,3,4,3,98,2.0,20.0,0,9.0,2.0,1,8.0,99,3,2,,98,,3,98,0,0,0,0,1,99.0
662,5,1,6,7,200232.0,2,0,0,1,2,3,2,6.0,6000000.0,280,1999,4,2,0,1,0,0,0,1,1,0,0,0,,,,,,,,,,,1,4,2,4,3,2,3,0,2,6.0,1,0,,0,0,0,0,0,,,,,,0,1,2,5,2,2,5,2,2,2,2,4,5,1,3,1,2,4,4,3,3,2,1,4,4,3,3,3,4,5,4,3,2,3,3,4,6,6,3,6,5,6,6,3.0,4,3,1,2,3,2,4,5,3,4,4,3,3,2,3,4,4,4,5,5,3,4,2,3,4,2,3,4,3,1,2,2,3,3,6,6,3,4,5,4,3,4,4,5,3,,,0.0,1.0,4,3,2,1,,,0,,,1,1.0,6,4,3,6.0,2,,1,7,0,0,0,1,0,
680,3,1,5,1,201900.0,3,0,0,1,2,3,2,6.0,900000.0,300,2016,2,2,1,0,1,0,0,1,1,0,0,0,,,,,,,,,,,3,2,2,3,2,2,2,0,3,,0,1,,0,0,0,0,0,,,,,,1,4,3,2,2,4,1,4,3,2,1,5,4,2,3,1,1,4,1,2,2,3,3,3,3,3,3,3,3,5,5,3,4,3,3,3,6,6,6,6,6,6,6,,5,4,4,3,3,2,5,5,3,5,3,2,3,3,1,1,3,2,2,3,2,2,1,2,2,1,1,4,2,1,2,1,3,6,6,6,6,6,6,6,6,6,6,6,3,,,0.0,0.0,3,4,1,98,1.0,4.0,0,11.0,1.0,1,6.0,5,4,3,5.0,1,10,4,6,0,1,0,0,0,0.0
693,3,2,5,1,200438.0,3,0,0,1,2,3,2,3.0,4000000.0,12000,2016,4,4,0,1,0,0,0,0,0,0,0,0,,,,,,,,,,,3,4,5,4,3,2,4,0,2,,1,0,,0,0,0,0,0,,,,,,1,3,98,2,2,98,1,3,1,1,1,3,3,1,3,1,1,1,1,1,1,1,5,4,4,3,3,4,5,4,4,3,2,2,3,4,6,6,6,6,6,6,6,,5,2,3,3,3,1,4,4,3,4,4,4,3,4,3,3,5,4,3,2,5,5,1,3,3,2,1,4,1,1,2,3,1,2,6,5,6,6,6,2,3,6,5,2,3,,,0.0,0.0,98,3,1,1,1.0,11.0,0,12.0,2.0,0,,6,3,2,,2,,3,7,0,0,0,1,0,0.0
743,2,2,5,1,200333.0,3,0,0,1,2,2,2,6.0,4000000.0,500,2000,98,3,0,1,0,1,0,1,0,0,0,0,,,,,,,,,,,2,2,2,3,3,1,3,0,2,90.0,0,1,,0,0,0,0,0,,,,,,1,2,3,98,2,3,5,4,3,3,2,4,3,1,3,1,1,1,1,1,1,1,2,4,3,4,4,5,4,2,3,3,4,3,4,3,6,6,6,6,6,6,6,,5,3,1,3,4,1,3,3,2,3,1,4,4,4,2,3,3,3,5,5,5,3,2,4,5,2,3,5,3,3,4,4,5,2,6,6,5,2,6,3,3,6,6,6,2,50.0,50.0,,,3,4,2,98,1.0,13.0,0,12.0,2.0,1,9.0,3,3,3,5.0,3,8,3,7,0,0,0,1,0,
