ID,R2_implementation_yes_SM1,R2_implementation_yes_SM2,R2_implementation_yes_SM3,R2_implementation_yes_SM4,R2_implementation_yes_SM5,R2_implementation_yes_SM6,R2_implementation_yes_SM7,R2_implementation_yes_NM1,R2_implementation_yes_NM2,R2_implementation_yes_NM3,R2_implementation_yes_NM4,R2_implementation_yes_NM5,R2_implementation_yes_NM6,R2_implementation_yes_NM7,R2_implementation_yes_NM8,R2_implementation_yes_NM9,R2_implementation_yes_NM10,R2_implementation_yes_NM11,Q2_other_adaptation,Q2_other_adaptation_open,R02a_perc_prob_change,R02_perc_prob,R02_perc_prob_other,R03a_perc_damage_change,R03_perc_damage,R04a_perc_health_change,R04_perc_health,R05a_worry_change,R05_worry,R013_recent_flood_exp,R013a_recent_flood_damage,R013b_recent_flood_health,R013c_recent_flood_cost,Q8_reloc,Q8a_reloc_cond,Q8a_reloc_social,Q8a_reloc_family,Q8a_reloc_area,Q8a_reloc_job,Q8a_reloc_location,Q8a_reloc_hazard,Q8a_reloc_other,Q8a_reloc_dont_know,Q8b_reloc_consider,Q8bi_reloc_consider_cond,Q8bi_reloc_consider_social,Q8bi_reloc_consider_family,Q8bi_reloc_consider_area,Q8bi_reloc_consider_job,Q8bi_reloc_consider_location,Q8bi_reloc_consider_hazard,Q8bi_reloc_consider_other,Q8bi_reloc_consider_dont_know,R06a_media_freq,R06b_social_media_freq,R010_flood_convo,R011_local_flood_convo,Q12_neighborhood_trust,Q13_neighborhood_community,Q14_neighborhood_pleasure,Q15_neighborhood_favorite,Q16_neighborhood_identity,Q17_civic_engagement_ID_NL_US,Q18_civic_creator,R07_adaptation_others,Q20_joint_protection,Q20a_joint_protection_effect,Q20b_joint_protection_involve,Q20c_joint_protection_possible,Q21_adaptation_discussion,Q21a_discussion_topic_measures,Q21a_discussion_topic_benefits,Q21a_discussion_topic_risk,Q21a_discussion_topic_effect,Q21a_discussion_topic_coord,Q21a_discussion_topic_action,Q21a_discussion_topic_other,R01a_resilience_1_change,R01_resilience_1,R01a_resilience_2_change,R01_resilience_2,R01a_resilience_3_change,R01_resilience_3,R01a_resilience_4_change,R01_resilience_4,R01a_resilience_5_change,R01_resilience_5,R01a_resilience_6_change,R01_resilience_6,R09_savings_change,R09a_savings_change_frac,R08a_economic_comfort_change,R08_economic_comfort,R012_lost_job,R012a_lost_job_impact
11,,,,,,,,,,,,,,,,,,,0,,1,,,1,,1,,1,,0,,,,0,,,,,,,,,,2.0,,,,,,,,,,2,2,0,,4,3,4,4,4,1,1,0,0,,,,,,,,,,,,1,,1,,1,,1,,1,,1,,3,,1,,0,
25,,,,,,,,,,,,,,,,,,,98,,1,,,1,,1,,1,,0,,,,0,,,,,,,,,,2.0,,,,,,,,,,2,1,0,,3,2,3,3,2,1,1,0,0,,,,,,,,,,,,1,,1,,1,,1,,1,,1,,3,,1,,0,
175,,,,,,,,2.0,,,,,,,,,,,0,,1,,,1,,1,,1,,0,,,,0,,,,,,,,,,2.0,,,,,,,,,,1,1,0,,3,2,4,4,3,1,1,0,1,1.0,0.0,,,,,,,,,,1,,1,,1,,1,,1,,1,,3,,1,,0,
354,,,,,,,,,,,,,,2.0,,,1.0,,0,,1,,,1,,1,,1,,0,,,,0,,,,,,,,,,2.0,,,,,,,,,,3,1,0,,3,3,4,4,2,1,1,1,98,,,10.0,,,,,,,,,1,,1,,0,4.0,1,,1,,1,,2,15.0,1,,0,
359,,,,,,,,,,,,,,,,,,,0,,1,,,1,,1,,1,,0,,,,0,,,,,,,,,,2.0,,,,,,,,,,1,2,0,,4,4,3,3,3,3,3,0,0,,,,,,,,,,,,1,,1,,1,,1,,1,,1,,3,,1,,0,
394,,,,,,,,,,,,,,,,,,,0,,1,,,1,,1,,1,,1,1.0,1.0,-7.0,0,,,,,,,,,,98.0,,,,,,,,,,3,3,1,0.0,3,4,4,3,4,4,3,0,98,,,,,,,,,,,,1,,1,,1,,1,,1,,1,,3,,1,,0,
415,,,,,,,,,,,,,,,,,,,0,,1,,,1,,1,,1,,0,,,,0,,,,,,,,,,1.0,0.0,0.0,0.0,0.0,0.0,1.0,0.0,0.0,0.0,4,3,0,,3,2,3,3,2,2,2,0,0,,,37.0,,,,,,,,,1,,1,,1,,1,,1,,1,,2,10.0,1,,0,
459,,,,,,,,,,,,,,,,,,,0,,1,,,1,,1,,1,,0,,,,0,,,,,,,,,,2.0,,,,,,,,,,3,1,0,,4,3,3,2,2,2,2,0,0,,,65.0,,,,,,,,,1,,1,,1,,1,,1,,1,,3,,1,,0,
489,,,,,,,,,,,,,,,,,,,0,,1,,,1,,1,,1,,0,,,,1,1.0,0.0,0.0,0.0,0.0,1.0,0.0,1.0,0.0,,,,,,,,,,,4,2,0,,4,4,4,3,2,1,1,0,0,,,48.0,,,,,,,,,1,,1,,1,,1,,1,,1,,2,20.0,1,,0,
510,,,,,,,,2.0,,,,2.0,,,2.0,,,,0,,1,,,1,,1,,1,,0,,,,0,,,,,,,,,,2.0,,,,,,,,,,1,1,0,,4,2,4,3,3,2,1,0,98,,,70.0,,,,,,,,,1,,1,,0,3.0,1,,0,2.0,1,,1,4.0,1,,0,
639,,,,,,,,,,,,,,,,,,,0,,1,,,1,,1,,1,,0,,,,0,,,,,,,,,,2.0,,,,,,,,,,1,1,0,,3,4,4,4,4,4,3,0,0,,,50.0,,,,,,,,,1,,1,,1,,1,,1,,1,,3,,1,,0,
663,,,,,,,,,,,,,,,,,,,0,,1,,,1,,1,,1,,1,1.0,1.0,-7.0,0,,,,,,,,,,2.0,,,,,,,,,,2,1,0,,2,1,2,1,1,1,2,0,0,,,33.0,,,,,,,,,1,,1,,1,,1,,1,,1,,3,,1,,0,
853,,,,,,,,,,,,,,,,,,,0,,1,,,1,,1,,1,,0,,,,0,,,,,,,,,,2.0,,,,,,,,,,3,1,1,1.0,3,2,3,2,3,2,3,0,0,,,1.0,,,,,,,,,1,,1,,1,,1,,1,,1,,3,,1,,0,
882,,,,,,,,,,,,,,,,,,,0,,1,,,1,,1,,1,,0,,,,0,,,,,,,,,,2.0,,,,,,,,,,4,1,1,0.0,4,4,3,4,3,1,1,0,1,1.0,0.0,,,,,,,,,,1,,0,4.0,0,4.0,1,,1,,1,,3,,1,,0,
964,,,1.0,1.0,,2.0,2.0,2.0,,2.0,,2.0,2.0,2.0,2.0,2.0,2.0,2.0,0,,1,,,1,,1,,1,,1,3.0,3.0,-7.0,1,0.0,0.0,0.0,0.0,1.0,0.0,0.0,0.0,0.0,,,,,,,,,,,4,4,1,1.0,4,4,4,4,4,4,4,3,1,1.0,1.0,,1.0,1.0,0.0,0.0,0.0,0.0,0.0,0.0,1,,1,,1,,0,4.0,1,,1,,2,20.0,1,,1,4.0
1012,,,,,,,,,,,,,,,,,,,0,,1,,,1,,1,,1,,0,,,,0,,,,,,,,,,2.0,,,,,,,,,,2,2,0,,3,2,3,3,2,3,4,0,98,,,,,,,,,,,,1,,1,,1,,1,,0,2.0,1,,3,,1,,0,
1063,,,,,,,,,,,,,,,,,,,0,,1,,,1,,1,,1,,0,,,,0,,,,,,,,,,2.0,,,,,,,,,,3,2,0,,5,5,5,5,3,4,2,0,0,,,44.0,,,,,,,,,1,,1,,1,,1,,1,,1,,2,40.0,1,,0,
1091,,,,1.0,,,,,,,3.0,,,,,,,,0,,0,6.0,,0,5.0,1,,1,,0,,,,0,,,,,,,,,,2.0,,,,,,,,,,3,1,5,3.0,4,3,4,4,4,3,2,1,0,,,25.0,1.0,0.0,1.0,0.0,1.0,0.0,0.0,0.0,1,,1,,0,2.0,1,,1,,0,3.0,1,5.0,1,,0,
1272,,,,,3.0,,,,,,,,,,2.0,,2.0,,0,,1,,,1,,1,,1,,0,,,,0,,,,,,,,,,2.0,,,,,,,,,,3,1,0,,3,4,3,3,3,4,2,0,98,,,51.0,0.0,,,,,,,,1,,1,,1,,1,,1,,1,,2,25.0,1,,0,
1578,,,,,,2.0,,2.0,,,2.0,2.0,,2.0,,,,,98,,1,,,1,,1,,1,,1,2.0,2.0,-7.0,0,,,,,,,,,,2.0,,,,,,,,,,2,2,1,0.0,3,3,3,3,3,3,3,2,98,,,51.0,,,,,,,,,1,,1,,1,,1,,1,,1,,3,,1,,0,
