ID,R2_implementation_yes_SM1,R2_implementation_yes_SM2,R2_implementation_yes_SM3,R2_implementation_yes_SM4,R2_implementation_yes_SM5,R2_implementation_yes_SM6,R2_implementation_yes_SM7,R2_implementation_yes_NM1,R2_implementation_yes_NM2,R2_implementation_yes_NM3,R2_implementation_yes_NM4,R2_implementation_yes_NM5,R2_implementation_yes_NM6,R2_implementation_yes_NM7,R2_implementation_yes_NM8,R2_implementation_yes_NM9,R2_implementation_yes_NM10,R2_implementation_yes_NM11,R2_implementation_yes_ins,Q2_other_adaptation,Q2_other_adaptation_open,R02a_perc_prob_change,R02_perc_prob,R02_perc_prob_other,R03a_perc_damage_change,R03_perc_damage,R04a_perc_health_change,R04_perc_health,R05a_worry_change,R05_worry,R013_recent_flood_exp,R013a_recent_flood_damage,R013b_recent_flood_health,R013c_recent_flood_cost,Q8_reloc,Q8a_reloc_cond,Q8a_reloc_social,Q8a_reloc_family,Q8a_reloc_area,Q8a_reloc_job,Q8a_reloc_location,Q8a_reloc_hazard,Q8a_reloc_other,Q8a_reloc_dont_know,Q8b_reloc_consider,Q8bi_reloc_consider_cond,Q8bi_reloc_consider_social,Q8bi_reloc_consider_family,Q8bi_reloc_consider_area,Q8bi_reloc_consider_job,Q8bi_reloc_consider_location,Q8bi_reloc_consider_hazard,Q8bi_reloc_consider_other,Q8bi_reloc_consider_dont_know,R06a_media_freq,R06b_social_media_freq,R010_flood_convo,R011_local_flood_convo,Q12_neighborhood_trust,Q13_neighborhood_community,Q14_neighborhood_pleasure,Q15_neighborhood_favorite,Q16_neighborhood_identity,Q17_civic_engagement_ID_NL_US,Q18_civic_creator,R07_adaptation_others,Q20_joint_protection,Q20a_joint_protection_effect,Q20b_joint_protection_involve,Q20c_joint_protection_possible,Q21_adaptation_discussion,Q21a_discussion_topic_measures,Q21a_discussion_topic_benefits,Q21a_discussion_topic_risk,Q21a_discussion_topic_effect,Q21a_discussion_topic_coord,Q21a_discussion_topic_action,Q21a_discussion_topic_other,R01a_resilience_1_change,R01_resilience_1,R01a_resilience_2_change,R01_resilience_2,R01a_resilience_3_change,R01_resilience_3,R01a_resilience_4_change,R01_resilience_4,R01a_resilience_5_change,R01_resilience_5,R01a_resilience_6_change,R01_resilience_6,R09_savings_change,R09a_savings_change_frac,R08a_economic_comfort_change,R08_economic_comfort,R012_lost_job,R012a_lost_job_impact,Q31_ins_aware_US,Q32_ins_claimed_CN_ID_US,Q33_ins_compens_CN_ID_US,Q34_ins_time_CN_ID_US,Q35_ins_advice_CN_ID_US,Q35a_advice_infl_real_CN_ID_US,Q35b_advice_infl_perc_CN_ID_US,Q36_ins_discount_CN_ID_US,Q37_ins_intention_CN_ID_US,Q38_ins_exp_compens_CN_ID_US,Q39_ins_exp_time_CN_ID_US,Q40_ins_exp_advice_CN_ID_US,Q41_ins_exp_discount_CN_ID_US,Q42_no_ins_avail,Q42_no_ins_money,Q42_no_ins_low_risk,Q42_no_ins_knowledge,Q42_no_ins_trust,Q42_no_ins_belief,Q42_no_ins_other_support,Q42_no_ins_other,Q42_no_ins_dont_know,Q42_no_ins_other_open
284,,,,,,,,,,,,,,,,,,,,0,,1,,,1,,1,,1,,0,,,,0,,,,,,,,,,2.0,,,,,,,,,,3,3,0,,4,5,5,5,4,1,2,0,98,,,98.0,,,,,,,,,1,,1,,1,,1,,1,,1,,2,20.0,0,5.0,0,,3,0,87.0,2.0,2.0,,98.0,92.0,,,,,,,,,,,,,,,
426,,,,,,,,,,,,,,,,,,,,0,,1,,,1,,1,,1,,0,,,,0,,,,,,,,,,1.0,0.0,0.0,0.0,0.0,0.0,1.0,0.0,1.0,0.0,1,1,0,,3,1,3,1,1,1,1,0,98,,,,,,,,,,,,1,,1,,1,,1,,1,,1,,1,1.0,1,,0,,3,-7,,,,,,,,,,,,,,,,,,,,,
525,,,,,,,,,,,,,,,,,,,,0,,1,,,1,,1,,1,,0,,,,0,,,,,,,,,,2.0,,,,,,,,,,1,1,0,,3,3,5,4,4,1,1,0,0,,,,,,,,,,,,1,,1,,1,,1,,1,,1,,3,,1,,0,,4,0,,,,,,,0.0,,,,,0.0,1.0,1.0,0.0,0.0,0.0,0.0,0.0,0.0,
548,,,,,,,,,2.0,2.0,,3.0,,,,,,,,0,,1,,,1,,1,,1,,0,,,,0,,,,,,,,,,2.0,,,,,,,,,,4,2,5,5.0,3,2,2,2,2,3,2,2,1,1.0,0.0,,0.0,,,,,,,,1,,1,,1,,1,,1,,1,,3,,1,,0,,2,1,75.0,4.0,3.0,,64.0,100.0,,,,,,,,,,,,,,,
671,,,,,,,,,,,,,,,,,,,,0,,1,,,1,,1,,1,,1,1.0,1.0,-7.0,0,,,,,,,,,,2.0,,,,,,,,,,2,1,1,1.0,2,3,3,3,4,2,3,0,0,,,15.0,0.0,,,,,,,,1,,1,,1,,1,,1,,1,,3,,1,,0,,1,0,89.0,2.0,3.0,,26.0,4.0,,,,,,,,,,,,,,,
742,,,,,,,,,,,,,,,,,,,,0,,1,,,1,,1,,1,,1,1.0,1.0,-7.0,1,0.0,0.0,0.0,0.0,0.0,0.0,0.0,1.0,0.0,,,,,,,,,,,4,3,0,,4,3,3,4,3,2,1,4,1,1.0,0.0,,,,,,,,,,0,4.0,1,,1,,1,,0,4.0,1,,3,,1,,0,,2,0,,,,,,,0.0,,,,,0.0,0.0,1.0,0.0,0.0,0.0,0.0,0.0,0.0,
825,,,,,,,,,,,,,,,,,,,,0,,1,,,1,,1,,1,,0,,,,1,0.0,0.0,0.0,0.0,1.0,0.0,0.0,0.0,0.0,,,,,,,,,,,2,1,2,0.0,2,1,1,1,2,1,1,1,0,,,25.0,0.0,,,,,,,,1,,1,,1,,1,,1,,1,,1,50.0,1,,0,,2,0,0.0,2.0,3.0,,-7.0,-7.0,,,,,,,,,,,,,,,
855,,,,,,,,,,,,,,,,,2.0,,,0,,1,,,1,,0,2.0,1,,1,3.0,1.0,0.0,0,,,,,,,,,,2.0,,,,,,,,,,3,1,0,,4,4,5,5,5,5,5,0,98,,,3.0,,,,,,,,,1,,1,,1,,1,,1,,0,3.0,3,,1,,0,,3,0,15.0,3.0,3.0,,-7.0,-7.0,,,,,,,,,,,,,,,
905,,,,,,,,,,,,,,,,,,,,0,,0,95.0,Flooded June this year after 16 years,1,,1,,1,,1,5.0,2.0,60000.0,0,,,,,,,,,,1.0,0.0,0.0,0.0,0.0,0.0,0.0,1.0,0.0,0.0,5,2,25,20.0,5,4,4,4,5,1,1,10,0,,,76.0,0.0,,,,,,,,1,,1,,1,,1,,1,,1,,3,,1,,0,,1,1,88.0,5.0,3.0,,51.0,51.0,,,,,,,,,,,,,,,
930,,,,,,,,,,,,,,,,,,,,0,,1,,,0,4.0,1,,0,3.0,0,,,,0,,,,,,,,,,2.0,,,,,,,,,,4,4,1,1.0,4,3,4,4,3,3,4,2,0,,,51.0,,,,,,,,,1,,1,,1,,0,3.0,0,4.0,1,,1,10.0,1,,1,3.0,2,0,,,,,,,0.0,,,,,0.0,0.0,0.0,0.0,1.0,0.0,0.0,0.0,0.0,
1062,,,,,,,,,,,,,,,,,,,,0,,1,,,1,,1,,1,,0,,,,0,,,,,,,,,,2.0,,,,,,,,,,1,1,5,2.0,5,5,5,5,5,3,3,2,1,1.0,0.0,,,,,,,,,,1,,1,,1,,1,,1,,1,,3,,1,,0,,2,0,93.0,5.0,3.0,,58.0,63.0,,,,,,,,,,,,,,,
1119,,,,,,,,,,,,,,,1.0,2.0,,,,0,,1,,,1,,1,,1,,0,,,,0,,,,,,,,,,2.0,,,,,,,,,,5,1,50,25.0,4,4,3,3,3,4,3,10,1,1.0,0.0,,,,,,,,,,1,,1,,1,,1,,1,,1,,3,,1,,0,,3,0,-7.0,2.0,98.0,,,51.0,,,,,,,,,,,,,,,
1125,,,,,,,,,,,,,,,,,,,,0,,1,,,1,,1,,1,,0,,,,0,,,,,,,,,,1.0,1.0,0.0,0.0,1.0,0.0,1.0,1.0,0.0,0.0,5,5,15,12.0,3,4,5,4,4,4,4,25,1,1.0,1.0,,,,,,,,,,1,,1,,1,,1,,1,,1,,1,15.0,1,,0,,3,0,,,,,,,0.0,,,,,0.0,0.0,1.0,0.0,0.0,0.0,0.0,0.0,0.0,
1132,,,,,,,3.0,,1.0,,,,,,,,,,,0,,1,,,1,,1,,1,,0,,,,0,,,,,,,,,,2.0,,,,,,,,,,2,1,0,,4,5,5,4,5,5,4,0,98,,,10.0,,,,,,,,,1,,1,,1,,1,,1,,1,,3,,1,,0,,2,0,-7.0,1.0,3.0,,-7.0,-7.0,,,,,,,,,,,,,,,
1157,,,,,,3.0,,,1.0,2.0,,,,,,,,1.0,,1,coordinating with the neighbors in case i am not home when a flood occurs.,1,,,1,,1,,1,,0,,,,1,0.0,0.0,0.0,0.0,1.0,0.0,0.0,0.0,0.0,,,,,,,,,,,3,4,10,7.0,4,3,4,3,3,2,3,8,98,,,81.0,1.0,1.0,1.0,1.0,1.0,0.0,1.0,0.0,1,,1,,1,,1,,1,,1,,3,,1,,0,,3,1,-7.0,3.0,2.0,,-7.0,51.0,,,,,,,,,,,,,,,
1284,,,,,,,,,,,,,,,,,,2.0,,0,,1,,,1,,1,,1,,0,,,,0,,,,,,,,,,2.0,,,,,,,,,,3,1,0,,3,3,3,3,3,1,1,0,1,1.0,0.0,,,,,,,,,,1,,1,,1,,1,,1,,1,,1,5.0,1,,0,,3,0,52.0,4.0,98.0,,,57.0,,,,,,,,,,,,,,,
1295,,,,,,,,,,,,,,,,,,,,0,,1,,,1,,1,,1,,0,,,,0,,,,,,,,,,2.0,,,,,,,,,,2,1,0,,5,5,5,5,4,3,2,0,1,1.0,0.0,,0.0,,,,,,,,1,,1,,1,,1,,1,,1,,3,,1,,0,,2,0,,,,,,,0.0,,,,,0.0,0.0,1.0,0.0,0.0,0.0,0.0,0.0,0.0,
1336,,,,,,,,,,,,,,,,,,,,0,,1,,,1,,1,,1,,0,,,,0,,,,,,,,,,2.0,,,,,,,,,,3,1,0,,4,4,3,3,2,2,1,1,98,,,35.0,,,,,,,,,1,,0,2.0,1,,1,,1,,1,,3,,1,,0,,2,0,,,,,,,0.0,,,,,0.0,0.0,1.0,0.0,0.0,0.0,0.0,0.0,0.0,
1519,,,,,,,,,,,,,,,,,1.0,,,0,,1,,,1,,1,,1,,0,,,,0,,,,,,,,,,1.0,1.0,0.0,0.0,0.0,1.0,0.0,0.0,0.0,0.0,3,1,9,0.0,2,1,2,2,3,1,3,2,0,,,41.0,,,,,,,,,1,,1,,1,,0,2.0,1,,1,,2,98.0,1,,1,5.0,2,0,41.0,2.0,1.0,60.0,,28.0,,,,,,,,,,,,,,,
2044,,,,,,,,,1.0,1.0,,,,,,,1.0,,,0,,1,,,1,,1,,1,,1,4.0,3.0,3000.0,0,,,,,,,,,,1.0,1.0,0.0,0.0,0.0,0.0,1.0,1.0,0.0,0.0,5,5,3,2.0,3,3,2,2,2,3,3,3,1,1.0,1.0,,,,,,,,,,1,,1,,1,,1,,1,,1,,2,90.0,1,,1,3.0,1,1,,,,,,,1.0,69.0,5.0,76.0,88.0,,,,,,,,,,
